app_id,app_idW0,app_idW1,app_idW2,app_idW3,app_idW4,app_idW5
92e72531,-0.03126928210258484,0.09930402040481567,0.13924193382263184,-0.43212854862213135,0.029873322695493698,-0.15070614218711853
eac7f9fe,-0.056163936853408813,0.05766650661826134,0.09685293585062027,-0.036289431154727936,-0.085594043135643,-0.037308260798454285
31b44087,-0.06838444620370865,-0.02342088520526886,0.027812406420707703,-0.008616330102086067,0.035714924335479736,0.017410224303603172
9224b468,-0.040933769196271896,-0.05862952768802643,-0.009533877484500408,0.07322884351015091,-0.05737845227122307,0.03552458435297012
422df6d6,-0.2260744720697403,0.33561474084854126,0.39592230319976807,-0.7543582320213318,-0.08566660434007645,-0.33372020721435547
99709a59,-0.05307704210281372,-0.05246073007583618,0.019386649131774902,-0.04824808984994888,0.004519404377788305,0.0027010394260287285
f75da770,-0.10753500461578369,0.3220892548561096,0.4450746774673462,-0.7249587178230286,-0.1715177446603775,-0.27582648396492004
3ebe76e6,-0.3533267676830292,0.3280464708805084,0.3580869734287262,-0.7790359854698181,-0.31868624687194824,-0.3503078520298004
d644e4e7,-2.139451265335083,1.2020260095596313,1.4534475803375244,0.02562480978667736,0.3956546485424042,-0.2635943293571472
6485e293,0.04717307910323143,-0.02908927947282791,-0.03534333407878876,-0.03803999722003937,0.06931377947330475,-0.04330970346927643
32556a5f,0.009194185957312584,0.06916435062885284,0.06837660074234009,-0.07050774991512299,-0.03553623706102371,0.05233215540647507
9ac6882b,-0.10246852785348892,0.3013639748096466,0.4125758409500122,-0.731177568435669,-0.19725333154201508,-0.30126920342445374
f1f93810,-0.16040071845054626,0.21593350172042847,0.2700795829296112,-0.5440403819084167,-0.13998855650424957,-0.37140539288520813
eac20e9f,0.004349926952272654,-0.03711426630616188,0.018408700823783875,-0.04436082765460014,-0.054022882133722305,-0.026374083012342453
95b5e741,-0.10281451791524887,0.017032653093338013,0.0560515820980072,-0.0416673980653286,0.0008542379946447909,-0.08729198575019836
cc03290f,-0.07062429934740067,0.11522768437862396,0.3407030701637268,-0.502147912979126,0.026028817519545555,-0.06302577257156372
d57df1f3,-0.0833122730255127,0.07807260751724243,0.0008774916641414165,0.020973501726984978,-0.014221392571926117,0.05351034179329872
60a12a1b,-0.04586987569928169,0.19380466639995575,0.10625801235437393,-0.37171050906181335,-0.15048755705356598,-0.15353929996490479
2e5cd15d,-0.11116175353527069,0.1517772376537323,0.26269978284835815,-0.5039812922477722,-0.08226758986711502,-0.29720163345336914
00206799,-0.3224424421787262,0.38183870911598206,0.3794114291667938,-0.975572943687439,-0.3523378372192383,-0.39979130029678345
2e7332e6,-0.13100799918174744,0.3111162483692169,0.4713500738143921,-1.1347951889038086,-0.20450176298618317,-0.39977148175239563
826c565e,-0.019273145124316216,0.131349116563797,0.5531761050224304,-1.3131870031356812,-0.10363498330116272,-0.984447181224823
e87cd791,0.007523654960095882,-0.01561114564538002,0.12129690498113632,-0.2416161596775055,0.030854515731334686,-0.08363215625286102
43f9bce9,-0.019662657752633095,0.035717882215976715,-0.04341135174036026,-0.042403511703014374,0.04631398618221283,0.0021110698580741882
baf101ea,0.02471238188445568,0.1373598575592041,0.20923134684562683,-0.42720964550971985,-0.019124286249279976,-0.20391568541526794
396df801,0.8484928607940674,0.5013624429702759,1.7756376266479492,-1.6055039167404175,-2.5386877059936523,1.051995038986206
90e62019,-0.026059938594698906,0.01663973368704319,-0.05636823549866676,-0.03852831944823265,0.014057930558919907,0.052458908408880234
c8e0ba97,-0.06105763837695122,0.13460782170295715,0.17904774844646454,-0.4304996132850647,-0.0015273019671440125,-0.24807877838611603
6ccc1c90,-0.047812897711992264,0.2588089406490326,0.10831862688064575,-0.5269909501075745,-0.07922173291444778,-0.3103184103965759
c3f39675,0.7632718682289124,0.26939672231674194,0.9482591152191162,-2.175077438354492,-0.08714064955711365,-1.8755465745925903
f3ab5c04,0.022193683311343193,0.05326341837644577,-0.0014442272949963808,0.1006861999630928,-0.07124858349561691,-0.06526190042495728
4fd2bfbe,-0.008267750032246113,0.030819183215498924,0.05644238367676735,0.10858169198036194,-0.01716519705951214,0.07427037507295609
051d668d,-0.1281736195087433,0.3813323378562927,0.5483651161193848,-0.928695797920227,-0.207365944981575,-0.40284988284111023
120a00a5,-0.15344339609146118,0.31975364685058594,0.5914846658706665,-1.3491997718811035,-0.05333147197961807,-0.48514121770858765
3907e369,-0.12548597157001495,0.1794203519821167,0.12427594512701035,-0.5240572094917297,-0.22775931656360626,-0.3200949430465698
0fd16b06,-0.008709542453289032,-0.01020522229373455,0.1526908278465271,-0.14518815279006958,-0.02548844739794731,0.021999655291438103
4fa8a7a9,-0.010073426179587841,0.06475712358951569,0.2126743644475937,-0.31820717453956604,-0.11407370865345001,-0.06066646799445152
02877ec6,-0.0811225175857544,0.040460798889398575,0.0640302300453186,-0.09759300947189331,-0.025428293272852898,-0.05179600790143013
34289f7d,0.008057289756834507,0.11226195842027664,0.2236977070569992,-0.3447621166706085,-0.0593954473733902,-0.18097472190856934
100a36ad,-0.07401853054761887,0.12744399905204773,0.07386776059865952,-0.20256361365318298,-0.05395335704088211,-0.12590256333351135
abc0672e,-0.10457669198513031,0.12793295085430145,0.1677953153848648,-0.2670181095600128,-0.08761799335479736,-0.18555095791816711
e5631c05,-0.03838881477713585,0.1122618168592453,0.18199242651462555,-0.23291586339473724,-0.0009062550961971283,-0.123809814453125
50b7d906,0.027808984741568565,0.06058312579989433,0.11322516947984695,-0.19726961851119995,0.033915143460035324,-0.14236138761043549
795a164e,0.08129435777664185,-0.0032151087652891874,0.015287471003830433,-0.04980990290641785,-0.07566265761852264,-0.0032240678556263447
5b3b4697,0.04586377739906311,0.08501804620027542,0.07523416727781296,-0.20805823802947998,0.04459599405527115,-0.12829510867595673
36f58dec,0.024497853592038155,0.05354905501008034,0.08055377751588821,-0.07197597622871399,0.08084778487682343,-0.022350754588842392
55354a94,-0.07629433274269104,0.14813275635242462,0.1766960769891739,-0.2708894908428192,-0.06392918527126312,-0.11409491300582886
e36e1baa,-0.29871565103530884,0.20845980942249298,0.42990899085998535,-0.8058501482009888,-0.2674567997455597,-0.47032055258750916
b6de8c17,-0.12996211647987366,0.1127573773264885,0.16681329905986786,-0.2143864631652832,-0.08109568804502487,-0.050980959087610245
8a951584,-0.11664482206106186,0.13944269716739655,0.1151914969086647,-0.3663996160030365,-0.11620178818702698,-0.10141614079475403
c8e3e3c1,-0.044145677238702774,-0.032203417271375656,0.02687888778746128,-0.090580515563488,0.022535864263772964,-0.10447155684232712
13799c59,-0.009436210617423058,-0.022178471088409424,0.09705888479948044,-0.0053374674171209335,-0.09853906184434891,0.05320218205451965
d292c32f,-0.35897690057754517,0.0907965674996376,0.5660420656204224,-1.6459810733795166,0.2184435874223709,-0.799917995929718
59437e69,0.031185898929834366,0.16098041832447052,0.06629350036382675,-0.20348449051380157,-0.08730889856815338,-0.17379756271839142
84840629,0.11730508506298065,0.22620727121829987,0.164735808968544,-0.23841212689876556,0.04455137252807617,-0.03554514795541763
54c5d545,-3.5822622776031494,-0.023443015292286873,0.3407258987426758,-0.4618222117424011,-1.6452263593673706,-0.24097642302513123
89e8c66c,-0.21225833892822266,0.20042560994625092,0.3286427855491638,-0.6811786890029907,-0.12541793286800385,-0.28810495138168335
a4b427d8,-0.1099461168050766,0.0854390561580658,0.29001301527023315,-1.3846523761749268,-0.3828991949558258,-0.4269063174724579
4b7bedba,-0.06790003180503845,0.10596360266208649,0.09821241348981857,-0.16187699139118195,-0.039372801780700684,-0.12725615501403809
639f1118,-0.022957511246204376,0.10181271284818649,0.213226780295372,-0.4304879903793335,0.021372554823756218,-0.12442247569561005
08b5f605,-0.04003044590353966,-0.0333963967859745,-0.06290838867425919,-0.011087273247539997,-0.07869336754083633,-0.05193717032670975
c94d7b1c,0.039470821619033813,0.10506332665681839,-0.045159243047237396,-0.09020096063613892,0.014180589467287064,-0.010447743348777294
c4184c4e,0.06023188307881355,0.04325211048126221,0.0728217214345932,-0.190537691116333,-0.03401024639606476,-0.07520880550146103
48899bf9,-0.09360986948013306,-0.020520634949207306,0.06304173171520233,-0.05476737022399902,-0.054536882787942886,-0.04897032678127289
f88d5c5b,-0.08562623709440231,0.11026205122470856,0.06846386194229126,-0.08762885630130768,-0.06761565804481506,0.052004504948854446
4c49b5ae,0.0022882597986608744,0.24598334729671478,0.19030559062957764,-0.12901584804058075,0.07219980657100677,-0.18588347733020782
a8e3ba45,0.06488057225942612,0.00546122994273901,-0.05190711095929146,0.06458450853824615,0.038763850927352905,0.06014728546142578
48f4bdf9,-0.09440085291862488,0.08701840043067932,0.05831991881132126,-0.2700735032558441,-0.10954868793487549,-0.06771411001682281
1a32e234,-0.22722938656806946,0.21373462677001953,0.18814963102340698,-0.5378390550613403,-0.12520495057106018,-0.2729974091053009
f0bb4686,-0.11779772490262985,0.0044231535866856575,0.07156619429588318,-0.19037973880767822,-0.016281984746456146,-0.07049509882926941
8fb44044,-0.23539066314697266,0.13003583252429962,0.11642087996006012,-0.2634755074977875,-0.2696949541568756,-0.1050531193614006
8c249ef8,-0.04156266897916794,0.2709508240222931,0.16086523234844208,-0.29856714606285095,-0.1279132217168808,-0.23877260088920593
1bd329de,-0.0016925373347476125,0.1648518592119217,0.13434691727161407,-0.4761068820953369,-0.09083236008882523,-0.1655692160129547
81a31150,-0.22555679082870483,0.30875498056411743,0.5168517827987671,-1.0916290283203125,-0.17033490538597107,-0.4515228867530823
f040fcc8,-0.03796881437301636,0.028585202991962433,0.0528690479695797,-0.16929224133491516,0.050065379589796066,-0.045017585158348083
9456bc0e,-0.062425170093774796,0.17530520260334015,0.07042201608419418,-0.25049734115600586,-0.049095816910266876,-0.11289168149232864
66a5f0f3,-0.085274837911129,0.08607309311628342,0.022968612611293793,-0.12735462188720703,-0.0660550445318222,-0.0479782409965992
58edf878,-0.06094260513782501,0.0643571987748146,0.01963617466390133,-0.05731409043073654,-0.04893416166305542,0.07328780740499496
e8937587,-0.1147194430232048,0.12507270276546478,0.5179632306098938,-1.0893441438674927,-0.023408621549606323,-0.2641923725605011
66f5e02e,-1.6615477800369263,-1.4410632848739624,1.8660587072372437,-1.87330961227417,-5.249595642089844,-2.0572268962860107
0f6b837c,-0.11582622677087784,0.17040716111660004,0.29288098216056824,-0.5854232907295227,-0.20033463835716248,-0.26506108045578003
01ab369d,-0.19670911133289337,0.2216108739376068,0.09705153107643127,-0.31973153352737427,-0.09417248517274857,-0.1704016476869583
d8784af5,-0.05754730477929115,-0.03976966068148613,-0.05447489768266678,-0.023654859513044357,0.037569791078567505,0.07318373024463654
79227140,-0.11936771124601364,0.3611519932746887,0.2782166004180908,-0.3110770285129547,-0.028084715828299522,-0.14477767050266266
de77f79f,-0.164396271109581,0.34371092915534973,0.4059002101421356,-0.7096858620643616,-0.17343012988567352,-0.403012216091156
a0a45985,-0.07997241616249084,0.31526079773902893,0.30283504724502563,-0.5168007612228394,-0.08876253664493561,-0.12551189959049225
09ee80af,-0.009167246520519257,-0.010597934946417809,-0.0698368176817894,-0.07781415432691574,-0.07327540963888168,-0.11684231460094452
3047274a,-0.1265893429517746,0.005795847158879042,0.4450972080230713,-0.7392346262931824,-0.26535266637802124,-0.35450249910354614
a9c3b07d,-0.09421949088573456,0.035129036754369736,0.02322847582399845,-0.11806463450193405,-0.015776462852954865,0.0042454833164811134
9cf68584,-0.13397333025932312,0.06389738619327545,0.16968733072280884,-0.2145593762397766,-0.0458744540810585,-0.07801070809364319
3c4b944d,-1.4003195762634277,-1.6385658979415894,2.3392162322998047,-2.258295774459839,-3.5842788219451904,-2.6364235877990723
19aaa345,-0.12611834704875946,0.31726378202438354,0.42632579803466797,-0.9456205368041992,-0.18367613852024078,-0.4446121156215668
d7346abc,-0.045847341418266296,0.2904775142669678,0.3556000590324402,-0.5615227222442627,-0.08272168040275574,-0.3213088810443878
9be0742f,-0.15267454087734222,0.10137703269720078,0.19659121334552765,-0.3309278190135956,-0.10318754613399506,-0.23276200890541077
442cfede,-0.27599138021469116,0.3622448444366455,0.5397346615791321,-1.2136932611465454,-0.16553856432437897,-0.4806097447872162
9f52232a,-0.01668771542608738,0.16382794082164764,0.06537529826164246,-0.18908126652240753,0.024504974484443665,-0.07654917240142822
de97da65,-3.5596609115600586,4.769378185272217,2.664155960083008,2.5495545864105225,-1.4233583211898804,-0.5835042595863342
cf544404,-0.09426242858171463,0.07174571603536606,-0.003327297978103161,0.09419644623994827,0.03031926043331623,-0.013902654871344566
339f2281,-0.05597229674458504,0.05757874250411987,0.0699564665555954,-0.13381658494472504,-0.08783965557813644,-0.049554336816072464
51e5a1aa,0.02552741952240467,0.02892073430120945,0.059629667550325394,0.03643813356757164,0.03571644052863121,-0.04050030559301376
336b1c65,0.6192874312400818,0.9729622006416321,0.582414984703064,-0.49159902334213257,-0.765560507774353,-2.128627061843872
53d77635,-0.10510529577732086,0.08738185465335846,0.15059304237365723,-0.19621160626411438,-0.010681688785552979,-0.16362610459327698
4804d832,-0.2315460443496704,0.12607905268669128,0.18418143689632416,-0.5061511993408203,-0.15268173813819885,-0.26135188341140747
f398b9e6,-0.10044143348932266,0.1491420865058899,0.21236848831176758,-0.37573137879371643,-0.029485264793038368,-0.1369384378194809
4dee12e1,0.019972508773207664,0.020658012479543686,0.022491764277219772,-0.21866197884082794,-0.11906242370605469,-0.07286502420902252
255a58c8,-0.053648941218853,0.1461593061685562,0.6006203889846802,-1.069475769996643,-0.2386222779750824,-0.6745068430900574
1a75ffb8,-0.02858971618115902,0.1835523098707199,0.262975811958313,-0.4760356545448303,-0.14151349663734436,-0.19041556119918823
263bf1bc,-0.08829297870397568,-0.03660034388303757,-0.06955181062221527,-0.07449723780155182,0.02365240827202797,-0.01331857405602932
669d2f76,-0.32943397760391235,0.248926043510437,0.16312940418720245,-0.40624383091926575,-0.20902657508850098,-0.17550213634967804
924cf0f6,-0.14457544684410095,0.3700508177280426,0.5021542906761169,-0.9072568416595459,-0.15733034908771515,-0.36331668496131897
0acbeaa3,-0.8295139074325562,0.5635274052619934,1.6430047750473022,-0.6630273461341858,-1.4861853122711182,1.4005674123764038
5c672000,0.033671945333480835,0.09731057286262512,0.08157339692115784,-0.0198049433529377,0.04356159642338753,-0.011585179716348648
6360e192,0.0691952258348465,-0.024878166615962982,0.0086054727435112,-0.028304431587457657,-0.07859600335359573,-0.07326667010784149
c422eef3,0.07694859057664871,-0.039549507200717926,-0.07164326310157776,0.031585078686475754,-0.009166842326521873,0.06331516802310944
7ff8c8b2,-0.12335573136806488,0.37282857298851013,0.3416430652141571,-0.8623935580253601,-0.22425034642219543,-0.27781540155410767
92f3cb07,-0.3623732924461365,0.3930356800556183,0.5217857956886292,-1.0325502157211304,-0.24344134330749512,-0.4930557310581207
db7d6c6a,-0.04914893954992294,0.09442202001810074,0.06079086661338806,-0.1693577915430069,-0.1391165852546692,-0.09212962538003922
21dee859,-0.013776851817965508,-0.0066169193014502525,-0.1641751378774643,0.09602046757936478,-0.039922259747982025,0.061607442796230316
bb43da14,-0.14304520189762115,-0.032115936279296875,0.09278099983930588,-0.1765773892402649,-0.12079460918903351,-0.003940889611840248
67c305f2,-0.09044606983661652,0.04896825551986694,0.0938548743724823,-0.22976170480251312,-0.10822545737028122,-0.14279280602931976
ce183bbd,0.443191796541214,-0.1799052208662033,0.6873688697814941,-2.107363224029541,-0.47969821095466614,-0.7732419967651367
42f5fcdb,-0.325682669878006,0.21173341572284698,-0.05454413220286369,-0.3455645740032196,-0.35412779450416565,-0.3449085056781769
3e5ac0cf,-0.011827782727777958,-0.01032564789056778,-0.012988260015845299,0.03856554999947548,-0.003976678941398859,0.03284747526049614
ee25f1ed,0.028010293841362,0.09189443290233612,0.028165439143776894,-0.15917067229747772,-0.04006316512823105,-0.06556633114814758
96a1007a,-0.011071530170738697,0.037953220307826996,-0.014116562902927399,0.04399929940700531,0.06430220603942871,-0.015971288084983826
d42361b6,-0.00867978110909462,-0.04586630314588547,0.0389125719666481,-0.09698042273521423,-0.018151817843317986,-0.042802803218364716
aaf0fa87,-0.20320814847946167,0.24728167057037354,0.47238898277282715,-1.0115759372711182,-0.2001873105764389,-0.4271235167980194
8feb10d4,-0.06476428359746933,0.010127791203558445,0.07541206479072571,0.019971078261733055,-0.055025964975357056,-0.052186716347932816
b2538b68,-0.005146338604390621,0.04118048772215843,0.09792409837245941,-0.06918133795261383,-0.014124099165201187,-0.07672232389450073
a4ef9e93,-1.4876850843429565,0.6871898770332336,-0.16182231903076172,-0.07761243730783463,-0.8349846005439758,-0.31255775690078735
3e64aa6c,-0.027694616466760635,0.13431043922901154,0.31565696001052856,-0.5935712456703186,-0.13166481256484985,-0.17971529066562653
f62d8313,-0.02673250623047352,-0.05196976661682129,-0.03683101385831833,0.008587399497628212,0.019058004021644592,-0.05550355836749077
1d64ced5,0.02667025662958622,0.031125148758292198,0.00549285439774394,-0.08155189454555511,-0.08043259382247925,0.06907732784748077
5bea6a27,-0.14822827279567719,0.21135137975215912,0.33977362513542175,-0.6223942637443542,-0.022380508482456207,-0.33645936846733093
cc6b0c04,-0.021704133599996567,0.09326066076755524,-0.03970859944820404,-0.01203104853630066,0.07066263258457184,-0.028073986992239952
9f06e9a1,-0.10353761166334152,0.007963944226503372,0.03987647965550423,0.0034798060078173876,-0.08036020398139954,0.03982958942651749
f5929c05,-0.08308426290750504,-0.011241049505770206,-0.029099084436893463,-0.11955440044403076,0.042588621377944946,-0.01412426121532917
216d9feb,-0.051006607711315155,0.12710322439670563,0.08918581902980804,0.0522761307656765,0.09631092846393585,-0.0044803437776863575
98fed791,-0.8327890038490295,0.15170148015022278,1.430015206336975,-4.647552013397217,0.645362377166748,0.00568204652518034
0d051e92,-0.013300446793437004,-0.04557933658361435,0.04212929680943489,0.05057834833860397,0.030597209930419922,0.04245242476463318
ebfa3c06,-0.09543588012456894,0.09937587380409241,0.0670669674873352,-0.20889264345169067,-0.11319682747125626,-0.1056317687034607
0f760060,-0.061444781720638275,0.054130520671606064,0.05588758364319801,-0.010181134566664696,-0.011148229241371155,-0.0805000513792038
8492e36e,-0.28405487537384033,0.2569148540496826,0.38054803013801575,-0.8114063143730164,-0.21559034287929535,-0.3935491740703583
53de0284,-0.20311865210533142,-0.19924317300319672,1.2865955829620361,-2.790820360183716,0.2750563323497772,-0.32960858941078186
7c811b98,-0.04833516478538513,-0.023312823846936226,-0.040782373398542404,-0.10070251673460007,-0.045743007212877274,0.004082785919308662
51cedd4e,-0.10011005401611328,0.3140608072280884,0.30697616934776306,-0.18823480606079102,-0.02057834342122078,-0.16703765094280243
66ec7eb8,-0.05585600808262825,0.03593216836452484,-0.06528978794813156,-0.06786591559648514,0.034467365592718124,0.06200715899467468
a37bf1e4,1.1890088319778442,3.2032663822174072,3.8581411838531494,-2.4489688873291016,-1.2316612005233765,0.555614173412323
beb8f53e,-0.08483624458312988,0.14566121995449066,0.07540363073348999,-0.19833135604858398,-0.05815847963094711,-0.031236734241247177
a97b17d0,-2.5942907333374023,1.6060184240341187,-0.42603999376296997,0.5794652104377747,-2.0798349380493164,-0.7722291946411133
4c748806,-0.0992581844329834,0.019546521827578545,0.055470019578933716,-0.028385285288095474,-0.0853869765996933,-0.0647810846567154
718e4622,-0.04722771421074867,0.10670029371976852,0.21721524000167847,-0.5335351228713989,-0.04954415559768677,-0.23578597605228424
aeb85871,-0.16333496570587158,0.22242829203605652,0.25388985872268677,-0.6571825742721558,-0.153010293841362,-0.26781922578811646
b504c6c8,0.06521133333444595,0.2113984376192093,0.10829081386327744,-0.27469220757484436,0.01650945283472538,-0.12589389085769653
3bd8cc97,0.006895025260746479,-0.03515153378248215,-0.0405312106013298,-0.031206440180540085,-0.056241534650325775,-0.07364223897457123
6ad0e72c,-0.042673006653785706,-0.01903725042939186,0.06517096608877182,-0.10677996277809143,-0.046090658754110336,-0.037638239562511444
82a4d1ff,-0.12125910073518753,0.2480980008840561,0.27720096707344055,-0.5804818272590637,-0.20670397579669952,-0.24216516315937042
faaafc75,-0.2585945427417755,0.34081676602363586,0.26880401372909546,-0.147912859916687,-0.1289103478193283,-0.19687271118164062
1bc30d18,-0.24598877131938934,0.297358900308609,0.6145656704902649,-1.006268858909607,-0.3300928473472595,-0.4942031502723694
d33d55c4,-0.05823943018913269,0.10364238172769547,0.17276957631111145,-0.17312876880168915,0.02820206806063652,-0.023787692189216614
f850d90f,-0.10120710730552673,0.15630197525024414,0.20366568863391876,-0.4049736559391022,-0.054524440318346024,-0.20645903050899506
68a9a7e0,-0.10543675720691681,0.10867287963628769,0.1165623888373375,-0.23229937255382538,-0.01544510293751955,-0.010694321244955063
6a330af3,0.04013928398489952,-0.004318110644817352,0.004599002655595541,0.048851799219846725,0.033252790570259094,0.003865204518660903
53c5dffc,-0.13312679529190063,0.36910954117774963,0.49008357524871826,-1.0199235677719116,-0.15528292953968048,-0.3819388449192047
334e3b19,-0.001987629337236285,0.10793381929397583,0.22850516438484192,-0.3143342137336731,-0.07084251940250397,-0.1348317563533783
1fccd444,0.002342971507459879,0.05646342411637306,0.19902220368385315,-0.19898353517055511,-0.09156156331300735,-0.15672390162944794
b7f64446,-0.19863498210906982,0.1392335742712021,0.25662675499916077,-0.3219858705997467,-0.15529565513134003,-0.20780953764915466
3d3198ca,-0.1384648084640503,0.23490892350673676,0.41188672184944153,-0.5721077919006348,-0.23054613173007965,-0.2085757851600647
05cd8b03,-0.0879521444439888,0.04592963680624962,0.07148441672325134,-0.27465200424194336,-0.1299983263015747,-0.05388607457280159
dc921814,-0.11424823105335236,0.22319528460502625,0.9076955318450928,-1.3653459548950195,-0.18036048114299774,-0.3199089765548706
617593f1,-0.7742325663566589,0.15145587921142578,0.2740054130554199,-0.44641825556755066,-0.41015371680259705,-0.3811529874801636
48476725,-0.2634742259979248,0.2907317280769348,0.6026420593261719,-1.176412582397461,-0.2218179553747177,-0.6212764382362366
9e051b3f,0.47909417748451233,0.5045895576477051,0.5404478907585144,-1.2215460538864136,-0.24901269376277924,-1.366477370262146
4b24c6ab,0.1499141901731491,0.13644154369831085,0.6475099921226501,-1.9572861194610596,-0.1561158150434494,-1.0343608856201172
95827a92,-2.319021701812744,1.106485366821289,-0.6827165484428406,-2.493844985961914,-0.8640835881233215,1.7240008115768433
da0a48da,0.02731342799961567,0.09807730466127396,0.09212620556354523,-0.12519486248493195,-0.12862449884414673,-0.14914727210998535
2374aa8e,-0.064973384141922,0.03868044167757034,0.17887704074382782,-0.22675733268260956,-0.008206195197999477,-0.0758042111992836
e44b4172,-0.0475299134850502,0.14751467108726501,0.2577686309814453,-0.08296841382980347,0.004057664889842272,-0.15903957188129425
779f02d1,-0.09725554287433624,0.1359439194202423,0.06630489975214005,-0.1710028201341629,-0.008249870501458645,-0.06017300486564636
141441b8,0.06218987703323364,0.04417000710964203,0.10117143392562866,-0.27713754773139954,-0.01982841268181801,-0.20587533712387085
55b5aaa9,-0.1471446007490158,0.26433223485946655,0.33375006914138794,-0.6665135622024536,-0.08987517654895782,-0.3108157217502594
71b12b3a,0.003146135713905096,0.47134438157081604,0.35790663957595825,-0.8777279257774353,-0.23334701359272003,-0.3379395604133606
331fe23a,0.05228321626782417,0.042599670588970184,-0.05939542129635811,-0.040903691202402115,0.016831982880830765,0.019048098474740982
834ad398,0.049908868968486786,-0.07949921488761902,0.007216146215796471,0.014411330223083496,0.024888982996344566,-0.0700647383928299
f176d00a,-0.07253765314817429,0.07755550742149353,0.06914452463388443,-0.29246291518211365,-0.135627880692482,-0.03210492804646492
ecad2386,-3.2974283695220947,3.173785448074341,0.2540212869644165,1.5901684761047363,-2.2963311672210693,-0.1865653693675995
9c0a0263,0.03208770602941513,0.1216701939702034,-0.03466261923313141,-0.1831260621547699,-0.03155048191547394,-0.18960972130298615
33291962,-0.16205555200576782,0.19995836913585663,0.21512113511562347,-0.29889342188835144,-0.09903974086046219,0.04570114612579346
dfdd226c,1.8728218078613281,3.6919667720794678,0.7716251015663147,-4.2819905281066895,-0.6372388601303101,-1.4045380353927612
39449abd,-0.09235699474811554,-0.02332521229982376,0.1894092708826065,-0.19287559390068054,-0.06793563812971115,-0.11254961788654327
ccb710ac,-0.04465889930725098,-0.013900930061936378,-0.04346057027578354,-0.15227022767066956,-0.10137174278497696,-0.03429761528968811
f20ce448,-0.04560777544975281,0.17476654052734375,0.14475257694721222,-0.20533955097198486,-0.12234432995319366,-0.1458255499601364
3ca8346f,-0.16618818044662476,0.2017071396112442,0.5043453574180603,-0.9859090447425842,-0.14095990359783173,-0.3162505626678467
395404e4,-0.20232142508029938,0.17652274668216705,0.3552318811416626,-0.6349990963935852,-0.11640550941228867,-0.16284294426441193
1e2c67a7,-0.09202352166175842,-0.04655126854777336,0.016375165432691574,-0.0852050930261612,0.03314059600234032,0.042662955820560455
9583e285,-0.05051816999912262,0.03833184018731117,0.07477185130119324,-0.1406020075082779,-0.03629865124821663,-0.05199996754527092
0f517583,-0.062119971960783005,0.05969705060124397,0.05183947831392288,-0.2668653726577759,-0.03841886296868324,-0.11113187670707703
cf0327f9,-0.07588114589452744,0.1385803520679474,0.5953249335289001,-1.2014212608337402,-0.14512814581394196,-0.5987523198127747
5e657d7f,-0.05190211907029152,0.07570615410804749,0.049230922013521194,0.061433132737874985,0.004547863267362118,0.07137791812419891
a449e84f,-0.272456556558609,0.41651707887649536,0.5095272660255432,-1.0494990348815918,-0.30562809109687805,-0.5348823666572571
615ee83a,-0.28109678626060486,0.26998648047447205,0.49051445722579956,-1.0220954418182373,-0.25490519404411316,-0.567632257938385
35e4919f,0.006142004858702421,-0.06848226487636566,-0.07320764660835266,-0.04655591398477554,0.010031853802502155,0.011851878836750984
3dcb779f,-0.045018285512924194,0.18092326819896698,0.04443018138408661,-0.1955958753824234,-0.07353947311639786,-0.11467590928077698
249f2b9e,0.02931508608162403,-0.033077459782361984,-0.039064064621925354,0.00010196119546890259,-0.02886015921831131,0.021620046347379684
307ff811,-0.045884788036346436,0.4442819654941559,0.5613692402839661,-1.0034945011138916,-0.23325234651565552,-0.40823426842689514
afc756bf,-0.17347601056098938,0.22682470083236694,0.39589744806289673,-0.6336840391159058,-0.1749766618013382,-0.3112278878688812
f0222e42,-0.00817348062992096,0.052465420216321945,0.11072774976491928,-0.12110517919063568,-0.047591548413038254,-0.04165857657790184
9c13b419,-1.5611069202423096,0.4940270185470581,2.0455727577209473,-1.0203603506088257,-3.634406566619873,2.184013605117798
44c180c6,-0.5477725267410278,0.3998723030090332,0.04804471135139465,-0.2935035824775696,-0.46201610565185547,-0.27775898575782776
e3ba66b0,-0.07750234007835388,0.2865917384624481,0.408760130405426,-0.7619584798812866,-0.12563931941986084,-0.4065065085887909
68b3e8e6,-0.0442081093788147,0.1094311848282814,0.03693435713648796,-0.13108350336551666,-0.02634201943874359,-0.025271018967032433
2e2d2467,-0.04021961987018585,0.14260995388031006,0.14495861530303955,-0.4068377614021301,-0.12231799215078354,-0.19546876847743988
e5f1bafe,-0.16667519509792328,0.11758068203926086,0.2492160201072693,-0.3577800691127777,-0.17797045409679413,-0.19657646119594574
dd7e5715,-0.0007290905341506004,-0.010111539624631405,0.17888236045837402,-0.21536356210708618,0.051032904535532,-0.11357694864273071
c743495f,-0.2492865025997162,0.3529667258262634,0.5791230201721191,-1.0527455806732178,-0.07755912095308304,-0.57576984167099
54f3ca7a,-0.14719583094120026,0.15416760742664337,0.2523159682750702,-0.5160809755325317,-0.057582974433898926,-0.24247126281261444
4fdcf4e6,-0.10343293845653534,0.19591893255710602,0.16266928613185883,-0.41939789056777954,-0.09202983230352402,-0.2432735562324524
1f7ad148,0.015833202749490738,-0.02164439670741558,0.04484612122178078,-0.053658582270145416,-0.025943856686353683,-0.06494975835084915
28e0076b,-0.04904686287045479,-0.0242205411195755,0.06162390112876892,0.014090451411902905,0.019570115953683853,0.03345753997564316
683a547c,-0.0615757554769516,0.26780208945274353,0.5708274841308594,-1.169156551361084,0.013941499404609203,-0.35039418935775757
f7dd00ec,-0.022471707314252853,-0.007229658775031567,0.6353698372840881,-1.320674180984497,-0.08108136057853699,-0.9528828859329224
c0c5eb49,-0.04521360620856285,0.2147975116968155,0.31885504722595215,-0.5019803047180176,-0.20223619043827057,-0.19854605197906494
13780340,0.0022614714689552784,0.12428727000951767,0.10742935538291931,-0.2077799141407013,-0.07203343510627747,-0.26993241906166077
eb98984c,-0.041743580251932144,0.22128432989120483,0.33008888363838196,-0.6380423307418823,-0.15013742446899414,-0.3349926769733429
39fb6e33,-0.042456094175577164,0.16527770459651947,0.25120893120765686,-0.47700944542884827,-0.06460311263799667,-0.04686729609966278
ffc6ffd0,-0.8438767790794373,-0.6227795481681824,1.9805070161819458,-2.440412998199463,0.3993370532989502,-2.0732202529907227
869b6e83,-0.03743037208914757,0.013365987688302994,0.05052587017416954,0.031838808208703995,-0.03444025292992592,0.018600571900606155
8b466248,-0.08193325251340866,0.21228955686092377,0.15109656751155853,-0.45291393995285034,-0.05938124656677246,-0.2989464998245239
1017e2d5,-0.022183755412697792,0.03190314769744873,0.09789243340492249,-0.16520921885967255,0.06801699101924896,-0.09262343496084213
6103360b,-0.35259678959846497,0.32276782393455505,0.5886011719703674,-1.114159345626831,-0.29528436064720154,-0.4085364043712616
7a9d1ba1,-0.00720895454287529,0.06096654757857323,0.18493962287902832,-0.14546281099319458,-0.07978912442922592,-0.02215775102376938
5fde3dd9,-0.04788327217102051,0.05999593064188957,-0.015151478350162506,-0.025267701596021652,-0.07162804156541824,-0.04987064376473427
c7fe2fc1,-0.18048077821731567,0.3514321744441986,0.33489131927490234,-0.16475582122802734,-0.09051813185214996,-0.15326568484306335
1acacee4,-0.02465749904513359,0.03457865118980408,0.08230025321245193,0.011058568023145199,0.017961112782359123,0.001262869336642325
a7bbaf74,-0.08734796941280365,0.03325594589114189,0.18618148565292358,-0.13361763954162598,0.04311667010188103,-0.07464450597763062
8fe6dbee,-0.19092632830142975,0.34346655011177063,0.45588022470474243,-1.167193055152893,-0.256160169839859,-0.4533562660217285
9b4e75eb,-0.026768919080495834,0.09559299051761627,0.13030998408794403,-0.2801080048084259,-0.18472926318645477,-0.15794560313224792
14b08df2,0.040198393166065216,0.038566362112760544,0.17503103613853455,-0.16234946250915527,-0.02171105518937111,-0.09237901121377945
a16966d0,-0.0839667096734047,0.08975103497505188,0.06998999416828156,-0.3139342963695526,0.014023561961948872,-0.20198214054107666
7ea7d18e,-0.03719488903880119,0.18795089423656464,0.16138368844985962,-0.25261005759239197,-0.0733332559466362,-0.18950587511062622
c9f6adbf,-0.17634426057338715,0.20536938309669495,0.4752976894378662,-0.7678993940353394,-0.18390332162380219,-0.25593748688697815
1dce1af3,-0.20098388195037842,0.2366437017917633,0.24892960488796234,-0.7142663598060608,-0.12674866616725922,-0.3931030035018921
c40722c6,0.015023130923509598,-0.016574641689658165,-0.040200795978307724,0.011577321216464043,0.06357399374246597,-0.08516867458820343
260d3515,-0.4231085777282715,0.2884431779384613,0.12187094241380692,-0.41050735116004944,-0.3211654722690582,-0.18835347890853882
1ed1646a,0.01360892504453659,0.02545134350657463,-0.07917830348014832,0.06012215092778206,0.0010753944516181946,0.12785741686820984
422da614,-0.043655671179294586,0.0792236179113388,0.5079156756401062,-1.7594702243804932,0.2358931303024292,-1.5631914138793945
f64adc59,0.03993511199951172,0.005846639163792133,0.038460858166217804,-0.03278900310397148,0.06778759509325027,0.03052562288939953
48deb23a,0.00804186426103115,-0.00922425277531147,0.11452388018369675,-0.03683498501777649,0.031781155616045,-0.09901043027639389
a1c150f4,0.07555939257144928,-0.020628519356250763,0.054280903190374374,-0.02201169915497303,0.00551293371245265,0.02223685197532177
322630ea,-0.11215832084417343,0.13785028457641602,0.19154956936836243,-0.27826815843582153,-0.19938594102859497,-0.17525988817214966
75f97157,-0.23384597897529602,0.17628039419651031,0.39371922612190247,-0.6725409626960754,-0.011830257251858711,-0.21348963677883148
2bf8241b,-0.061360206454992294,-0.012088249437510967,0.08487098664045334,-0.23696064949035645,-0.0355471707880497,0.0020518938545137644
0a1adda9,-0.0946606770157814,0.07401106506586075,0.03733140975236893,-0.24337419867515564,-0.039668552577495575,0.03951859474182129
e39d0e6f,-0.2518492639064789,-0.019442042335867882,0.059453271329402924,-0.13470372557640076,-0.11751575767993927,0.01595132425427437
d44c074c,0.20000281929969788,-0.09653767943382263,0.3711732029914856,-1.2553730010986328,-0.5206292271614075,-0.5775439739227295
93aa4666,-0.12738235294818878,0.12705349922180176,0.028697136789560318,0.0244641974568367,-0.0819508507847786,-0.06294099241495132
e9739828,-1.0090638399124146,0.6573947668075562,0.22924436628818512,-0.2443644106388092,-0.7814357876777649,-0.47451314330101013
467930e2,-0.09464571624994278,0.07607519626617432,0.21433322131633759,-0.6536350846290588,-0.008372509852051735,-0.18768233060836792
be7c618d,0.08554750680923462,0.055361658334732056,0.10092252492904663,-0.13851015269756317,0.034902241080999374,-0.006946214009076357
e6750cda,-0.0612720251083374,-0.024286264553666115,0.12899330258369446,-0.13129791617393494,-0.06234295666217804,-0.08802861720323563
0e4c8a75,-0.18905743956565857,0.4214656352996826,0.46276354789733887,-1.0538759231567383,-0.23716872930526733,-0.4945775866508484
a607e6a7,-0.9904817938804626,-0.685012936592102,1.7625168561935425,-2.7689719200134277,0.39632514119148254,-1.8372082710266113
47b758e9,-0.0030568530783057213,0.08306723833084106,0.19558531045913696,-0.2050948143005371,-0.008635267615318298,-0.053795747458934784
b02115d5,-0.13043414056301117,0.1085120290517807,-0.03232772648334503,0.11647341400384903,-0.09179893881082535,-0.08081923425197601
8dbc921a,-0.1379026174545288,0.08958988636732101,0.683772623538971,-1.2901043891906738,0.14310729503631592,-0.3150070309638977
3bfa19cb,-0.021474268287420273,0.1908417046070099,0.1336660087108612,-0.5372546315193176,-0.024333879351615906,-0.26302918791770935
c105f675,0.33197256922721863,-0.03545030206441879,2.2509186267852783,-1.998791217803955,-0.0981043353676796,-0.8023838996887207
73206397,-0.09821624308824539,0.11191707849502563,0.6312147974967957,-0.6180947422981262,-0.5291152596473694,0.14715415239334106
e96fc2d3,-0.17689312994480133,1.2442092895507812,-0.44940105080604553,-0.6480137705802917,-0.2429085075855255,-0.5744766592979431
f0d41ff1,0.2277095913887024,1.6272908449172974,0.44478747248649597,-0.40172579884529114,-3.754483938217163,-0.6933755278587341
54f9a3a3,0.0407031886279583,0.0044108605943620205,0.10152936726808548,-0.13642610609531403,-0.0364687517285347,-0.09319356083869934
93d786c6,-0.11641357839107513,0.362819641828537,0.42184874415397644,-0.7136905789375305,-0.2087034285068512,-0.2724095284938812
f3a5517a,-0.027154479175806046,-0.02485884353518486,0.016291193664073944,-0.07389552146196365,-0.005001762881875038,-0.04842529073357582
4d15bfba,0.03724288567900658,0.1143227145075798,0.11440425366163254,-0.15098881721496582,-0.0642831102013588,-0.13060154020786285
b0852d3a,-0.1662580370903015,0.21912497282028198,0.10467693209648132,-0.35530731081962585,-0.21452012658119202,-0.13171029090881348
e69a444c,-0.1374368667602539,0.03676822781562805,0.18644823133945465,-0.3288767337799072,-0.15511059761047363,-0.15163113176822662
31f76895,0.0854160338640213,0.08600682765245438,0.025273136794567108,-0.014523778110742569,-0.05285467207431793,-0.07305651903152466
ccf7ce7e,-0.10372404009103775,0.27981364727020264,0.6010295748710632,-1.1431463956832886,-0.08627085387706757,-0.9020087718963623
1e8b1205,0.062079984694719315,0.20848152041435242,0.14456336200237274,-0.458577036857605,-0.0811169445514679,-0.2309482842683792
58e20efd,-0.08319825679063797,0.19209495186805725,0.3569006621837616,-0.6659541130065918,-0.09554506838321686,-0.31753674149513245
596bad61,-0.15513329207897186,0.17903557419776917,0.18367183208465576,-0.3030235469341278,-0.11842747777700424,-0.17623251676559448
02d92985,-0.011431027203798294,0.0442587286233902,0.08128246665000916,-0.26775574684143066,-0.1505315750837326,-0.11045534908771515
bfacc7b7,0.06674297153949738,-0.020430689677596092,0.04324967786669731,0.011966478079557419,-0.03907517343759537,0.018300263211131096
c51f82bc,-0.12122173607349396,0.11398018896579742,0.27220669388771057,-0.4282020330429077,-0.018053088337183,-0.09033092856407166
170f5944,-0.18742653727531433,0.40390676259994507,0.4090770184993744,-0.7883076667785645,-0.12642504274845123,-0.3395259976387024
813eeaf8,-0.0997159481048584,0.08910469710826874,-0.05739763751626015,-0.059183117002248764,0.05350492149591446,-0.02635529264807701
f0f221aa,-0.12978045642375946,0.20402991771697998,0.21918265521526337,-0.3851992189884186,-0.16435174643993378,-0.169292151927948
08a53ae7,0.2502458989620209,4.629587173461914,1.0713409185409546,-2.8651375770568848,-1.0042158365249634,0.9455373287200928
96bcf8cd,0.05483986437320709,-0.0022422494366765022,0.049920521676540375,-0.04116075485944748,0.04596130922436714,-0.017924556508660316
f038ef61,-0.7747389674186707,0.16495299339294434,0.35606035590171814,-0.6712688207626343,-0.5795179009437561,-0.26194921135902405
743cd2fc,-0.04616296663880348,-0.022278474643826485,-0.060305628925561905,-0.020659465342760086,-0.03180155158042908,-0.023464404046535492
f4510c5e,-0.04293977469205856,-0.042825303971767426,0.025981999933719635,-0.07388687133789062,0.058255959302186966,-0.06583309173583984
e7f07c35,0.03908475115895271,-0.009497447870671749,0.17690840363502502,-0.17898839712142944,-0.01113064493983984,-0.11027171462774277
88d687c0,-0.018361195921897888,0.11257745325565338,0.08856187760829926,-0.2963416874408722,-0.08847355842590332,-0.10182040184736252
e95d1da9,0.017090369015932083,0.11829293519258499,-0.04378284141421318,-0.1387210637331009,-0.026211995631456375,-0.0937231108546257
28117800,-0.14798787236213684,0.2707228660583496,0.005106682889163494,-0.2038448452949524,-0.09815973788499832,-0.3081854581832886
994365e5,0.0483589731156826,0.12166967242956161,0.20754364132881165,-0.12429309636354446,0.03786632418632507,-0.17019036412239075
6a7bc718,-0.1471746563911438,0.4326916038990021,0.30189475417137146,-0.9125992059707642,-0.23194359242916107,-0.32529428601264954
7ba9df54,-0.11049296706914902,0.21928507089614868,0.2500529885292053,-0.5435960292816162,-0.2306661307811737,-0.20245973765850067
cbef836e,-0.1874033361673355,0.11831722408533096,0.3500078022480011,-0.6604200005531311,-0.25326597690582275,-0.2863135039806366
f9feaa6f,-0.06316804885864258,0.08510084450244904,0.20738394558429718,-0.485574334859848,-0.1580202281475067,-0.2060154378414154
c680d3dd,-0.01658729463815689,0.09275595098733902,0.015503247268497944,-0.05186613276600838,-0.07148179411888123,-0.06710484623908997
6c8703de,-0.1823887974023819,0.21008065342903137,0.1179451048374176,-0.16348914802074432,-0.076380655169487,-0.10233660787343979
b28a5164,-0.44617441296577454,0.34935691952705383,0.4080970585346222,-0.9856222867965698,-0.3183572292327881,-0.4435282349586487
ca026c96,-0.07199975103139877,0.03792980685830116,0.036748576909303665,-0.04749774932861328,0.05630819872021675,0.05167759209871292
b15b9f3e,-0.03756159543991089,0.058803629130125046,0.08823999762535095,-0.21924644708633423,-0.08714158833026886,-0.13223662972450256
27550a3c,-0.1722410023212433,4.100447654724121,2.844062089920044,-1.7327488660812378,1.0158125162124634,-2.222886562347412
9f13825e,-0.059892430901527405,0.10973842442035675,0.00584365101531148,0.006218670401722193,0.07473422586917877,-0.10163804888725281
5f9d8ce9,-0.036047548055648804,0.12262462079524994,0.22518716752529144,-0.39473670721054077,-0.019059529528021812,-0.1153625026345253
41d703ea,-0.20816633105278015,0.38455861806869507,0.45431825518608093,-1.0706549882888794,-0.3545718789100647,-0.4866502285003662
52fcfdb2,-0.182667076587677,0.16582506895065308,0.139785036444664,-0.427593857049942,-0.05241690203547478,-0.2305721640586853
a079ef6b,0.34216615557670593,0.39826351404190063,0.7298945784568787,-1.3158007860183716,-0.238412544131279,-1.347853660583496
f757bb8f,-0.47745704650878906,0.31616121530532837,0.177414208650589,-0.19321666657924652,-0.3072238564491272,-0.17913030087947845
e96773f0,-2.8009464740753174,3.3079631328582764,-0.2642121911048889,-2.2227766513824463,1.4693379402160645,-2.1310629844665527
925db399,-0.12982282042503357,0.26249998807907104,0.43043020367622375,-0.8259844183921814,-0.04853903874754906,-0.410809189081192
be5bd06e,-0.09999991953372955,0.08142510056495667,0.025189600884914398,0.007806755602359772,0.0031557269394397736,-0.04412747174501419
1a1dd521,-0.021143587306141853,0.04549945518374443,0.02793961949646473,-0.02614208497107029,-0.009297977201640606,-0.03624769300222397
753a2497,-0.07286952435970306,-0.01593608222901821,0.10782579332590103,-0.1193881630897522,-0.06098725274205208,0.021443618461489677
9d7f84dc,0.031162668019533157,-0.03289695829153061,0.03793936222791672,-0.07531464099884033,0.02831232361495495,-0.04399164021015167
869f835b,-0.10053634643554688,0.04437246173620224,-0.05809561908245087,-0.04845810309052467,-0.08678219467401505,-0.08217678219079971
2f8c9a7a,-0.010720406658947468,-0.016254501417279243,0.1192249059677124,-0.2177077978849411,-0.03079892508685589,-0.019753552973270416
fbbccc58,-0.0680806115269661,0.06134185194969177,0.09318415075540543,-0.2586411237716675,-0.0710722953081131,-0.0625365823507309
a0abc843,-0.2295636534690857,0.36557748913764954,0.3718498945236206,-0.8966628909111023,-0.2145174890756607,-0.2623497545719147
e26a4b0b,-0.010654881596565247,-0.03469853103160858,0.03919592872262001,-0.0935845673084259,-0.06503094732761383,-0.061187755316495895
aed1d9da,-0.029817206785082817,0.01282048225402832,0.10178288072347641,0.036216311156749725,0.04918302595615387,-0.0033345986157655716
5e3f096f,0.06011185795068741,0.08631722629070282,0.04548332467675209,0.016893863677978516,0.06619857996702194,-0.08022105693817139
ef179922,-0.057084713131189346,0.058071035891771317,0.036459047347307205,0.06588904559612274,-0.06804857403039932,0.0046720728278160095
d8305a23,-0.07263154536485672,0.10976400226354599,0.11377125978469849,-0.24810512363910675,-0.038233038038015366,-0.08458446711301804
e2fcccd2,-1.5358362197875977,1.4717620611190796,2.7604939937591553,-0.8520120978355408,-2.644343614578247,2.886488914489746
da90aa44,-0.2420177012681961,-0.29579973220825195,1.1438182592391968,-2.660112142562866,0.2095690667629242,-0.5880941152572632
2dafc7e1,-0.09513348340988159,0.06621802598237991,0.055842768400907516,-0.08155026286840439,0.053537022322416306,-0.12045681476593018
5e6770e8,0.01959553360939026,0.0026387774851173162,0.18356911838054657,-0.20047928392887115,0.05666142329573631,-0.008394483476877213
de691c68,-0.12349671870470047,0.018917610868811607,0.16019181907176971,-0.19008004665374756,-0.11539741605520248,-0.11677930504083633
f5c528df,-0.24843798577785492,0.30153536796569824,0.27008670568466187,-0.6555086970329285,-0.2500007748603821,-0.28598663210868835
ae99e2d3,-0.043088868260383606,0.08059661835432053,-0.019424041733145714,-0.12030921876430511,-0.009649977087974548,-0.020754504948854446
490850df,-0.016159074380993843,0.002583128632977605,0.08506004512310028,-0.20096571743488312,0.0756298303604126,0.031128060072660446
8c329214,0.3422086536884308,0.20560967922210693,-0.0008860578527674079,-3.661067008972168,-1.079996109008789,-0.6475281119346619
571354f6,0.3938860297203064,0.3320399820804596,0.4932953119277954,-1.0227885246276855,-0.13835272192955017,-1.050625205039978
febd1138,-0.6834509968757629,-0.22611576318740845,1.8218185901641846,-4.326164245605469,0.2831850051879883,-0.033453069627285004
f53417e1,-0.019504748284816742,2.0480732917785645,-1.7555320262908936,-2.5355217456817627,-3.2577381134033203,-0.4458436071872711
d28831a2,0.05075395852327347,0.3182693123817444,0.06561866402626038,-0.33863934874534607,-0.12614396214485168,-0.23466649651527405
c9a46cd9,-0.036338962614536285,0.24413041770458221,0.12278526276350021,-0.7643712759017944,-0.32584115862846375,-0.3196563720703125
1ca0d8a6,-0.3653729557991028,0.19141222536563873,0.2487490475177765,-0.5283055901527405,-0.13147063553333282,-0.3073059022426605
d36838b1,-2.1306381225585938,4.745392322540283,-1.7153950929641724,-0.7316017746925354,-1.5995242595672607,-0.945909857749939
7c7508aa,0.21392828226089478,0.3400750458240509,0.6832159161567688,-1.18679678440094,-0.5425307750701904,-0.336353063583374
ad3f23f9,-0.06166108697652817,-0.010938855819404125,0.18568545579910278,-0.3243936598300934,0.018073130398988724,-0.1150214672088623
a5184c22,0.5581359267234802,3.540652275085449,0.6868417859077454,-0.6681890487670898,-2.7882072925567627,-4.845047473907471
4e02fbd3,0.5553743839263916,0.1051696240901947,1.275498390197754,-1.763293743133545,-0.24217729270458221,-1.2089428901672363
669fc04d,-0.14044688642024994,0.18763235211372375,0.21976958215236664,-0.677169144153595,-0.15501251816749573,-0.2790996730327606
71d9174a,-0.01817503571510315,-0.026796506717801094,-0.01852385513484478,-0.000755464774556458,-0.06334027647972107,-0.14858129620552063
dff00069,0.006595770362764597,0.09443064033985138,0.06533979624509811,-0.0784136950969696,0.0064949337393045425,-0.10387103259563446
dbf55689,0.03839653357863426,0.05777950957417488,0.09182409942150116,-0.29457876086235046,0.00911065936088562,-0.09382321685552597
c5801e1d,-0.08019056916236877,0.0644453838467598,0.08007997274398804,-0.29038605093955994,-0.09165087342262268,-0.14788445830345154
13ef5f89,-0.0066206310875713825,0.07795482873916626,-0.03215916454792023,-0.017245840281248093,-0.10727309435606003,0.012122750282287598
d1d9a1e0,-0.023033346980810165,-0.044754285365343094,-0.062414973974227905,0.04111066460609436,-0.04639947786927223,-0.01623360440135002
8f547596,-0.3027569651603699,0.2063976228237152,0.6806911826133728,-1.541491150856018,-0.0809081420302391,-0.4214702844619751
21abb96c,-0.06695868819952011,0.06092161685228348,0.07540776580572128,0.029415475204586983,-0.009759989567101002,0.019195858389139175
a2b190d4,-0.02346334233880043,0.36840710043907166,0.6698018312454224,-1.2728177309036255,-0.2807942032814026,-0.44383183121681213
f16534fd,-0.0867871642112732,0.059807296842336655,0.11179865896701813,-0.09792342782020569,-0.08136612921953201,-0.08766355365514755
d4b56a0c,-0.23739475011825562,0.3456638753414154,0.36180996894836426,-0.8491854667663574,-0.256866991519928,-0.39373013377189636
01f2b4d0,-0.04389941692352295,-0.044547080993652344,0.07176961749792099,-0.04007001966238022,0.015341718681156635,0.003342600539326668
06ef0828,-0.010872886516153812,0.019068852066993713,0.0021673275623470545,0.05476563796401024,0.0062581561505794525,0.11930704116821289
680e6a92,-0.7260997891426086,0.3450261950492859,0.32846391201019287,-0.4979068338871002,-0.603441059589386,-0.2530800998210907
03528b27,-3.549363851547241,0.018106609582901,0.2978568375110626,-0.4341234266757965,-1.6026936769485474,-0.4008539915084839
ae843f2a,-0.2180970311164856,0.2798286974430084,0.5762143731117249,-0.8055033087730408,-0.037427276372909546,-0.25324100255966187
c7f29df3,-1.0838110446929932,-0.5581144690513611,2.044785261154175,-2.9244208335876465,0.4223441183567047,-2.127192258834839
3a3df1e5,-0.055940765887498856,0.10994790494441986,0.172967791557312,-0.2360316663980484,-0.015100853517651558,0.020060010254383087
055f0a7d,-0.08258640766143799,0.04207947105169296,0.06864871084690094,-0.2722178101539612,-0.02417317032814026,-0.11616131663322449
e125e3e1,-0.02000407688319683,0.126583069562912,0.1783711463212967,-0.6561223864555359,-0.14423078298568726,-0.19198867678642273
088b6a7b,-0.19225919246673584,0.24023085832595825,0.2753772735595703,-0.7690815329551697,-0.1875368058681488,-0.21237042546272278
576ea112,-0.017579833045601845,-0.08726587146520615,0.024212071672081947,-0.08103585243225098,0.02739596739411354,-0.11845887452363968
69244f1a,-0.07768860459327698,0.21062256395816803,0.3651999533176422,-0.6746742129325867,-0.12241213768720627,-0.2964734435081482
1dc72b4d,-0.1148841455578804,0.1707228124141693,0.6485731601715088,-1.4880965948104858,-0.1444888859987259,-0.6526127457618713
384da3d1,0.29919400811195374,0.7753355503082275,0.30770522356033325,-1.3726218938827515,-0.16256551444530487,-1.1884808540344238
a065fb4f,-0.1834745854139328,0.1595422625541687,0.4247538447380066,-0.8488162755966187,-0.19063758850097656,-0.1682363748550415
92f5800b,0.8513892889022827,-0.6255366206169128,0.9116837382316589,-3.7982585430145264,-2.2419393062591553,-1.7050918340682983
32138b0e,-0.06164940446615219,0.12249957025051117,0.12624265253543854,-0.05889548361301422,0.0392792746424675,-0.12995214760303497
431a4ab7,-0.04393685981631279,0.03573203459382057,0.15942785143852234,-0.22066250443458557,0.019794560968875885,-0.1132887750864029
62526892,-0.012885762378573418,0.01863626204431057,0.03695397078990936,-0.2702651917934418,-0.013249511830508709,-0.03216034919023514
06cfa6da,-0.3952907621860504,0.2880326211452484,0.28929322957992554,-0.43227237462997437,-0.3913819491863251,-0.09414186328649521
dc4cad4e,0.04269096627831459,0.09857487678527832,0.0816822275519371,-0.01310409139841795,0.02862360142171383,-0.10494007915258408
f8f8e0be,0.0035381901543587446,0.3094918131828308,0.3161780834197998,-0.6169186234474182,-0.15296687185764313,-0.26086530089378357
98675911,0.04826997593045235,0.13577407598495483,0.030460964888334274,-0.033057257533073425,-0.05671527981758118,-0.07448650151491165
5790b713,-0.06263288855552673,-0.07745488733053207,-0.02268754318356514,0.06821930408477783,0.07287243753671646,-0.06973738968372345
e71aba61,-0.88258296251297,0.4073890447616577,0.2430933117866516,-0.37083014845848083,-0.5170961618423462,-0.18194983899593353
ed095814,-0.045188844203948975,0.08267467468976974,0.09755919128656387,-0.320797324180603,-0.04558565467596054,-0.16634748876094818
b9a63a3f,0.06517888605594635,-0.07783472537994385,0.01975269615650177,0.04001160338521004,-0.01859046332538128,0.05901404842734337
ce464ec7,-0.18248774111270905,0.4370333254337311,0.5612717866897583,-1.0443147420883179,-0.1698666363954544,-0.3177926242351532
1eb72062,-0.08233700692653656,0.07792392373085022,0.05646616593003273,-0.11706500500440598,0.02776462584733963,0.0243588387966156
4083b813,-0.03684811666607857,0.05353106930851936,0.031971972435712814,0.00029904022812843323,-0.02159739099442959,-0.05971749871969223
0f41c227,0.046353064477443695,-0.05376027151942253,0.0947708785533905,-0.19292958080768585,0.05797858163714409,0.024572616443037987
6dc6269f,-0.055017776787281036,-0.06442851573228836,0.031838927417993546,0.02568432129919529,0.021242573857307434,0.08387573808431625
f459b8f7,-0.02869238145649433,0.022272298112511635,0.006173836067318916,-0.0757254883646965,-0.057295218110084534,0.010643446817994118
3aa4245a,-0.10081040859222412,0.09840864688158035,-0.025225352495908737,-0.07330357283353806,-0.00888428557664156,-0.05950074642896652
13907a3a,-0.13097338378429413,0.2375158667564392,0.318558931350708,-0.6628051400184631,-0.17590990662574768,-0.2557899057865143
ec4ffa92,-0.25210314989089966,0.3471526503562927,0.4822411835193634,-1.0374003648757935,-0.2957105040550232,-0.5611494779586792
e2a1ca37,-3.4945735931396484,-0.1698039323091507,0.4563913345336914,-0.53156977891922,-1.3479933738708496,-0.20029132068157196
c8d7c6c3,0.06650012731552124,-0.003936159890145063,0.07821357250213623,-0.024812951683998108,0.053117696195840836,-0.023127716034650803
3692fd30,-0.4449140131473541,2.0936596393585205,-1.3264915943145752,-1.5038931369781494,-0.26689377427101135,-0.8330285549163818
d18b98a6,-0.3163784444332123,0.7228065133094788,0.6931288838386536,-0.10453750193119049,-0.0024838470853865147,-0.2788516581058502
c8ad1017,-0.03448459133505821,0.03020557202398777,0.05119137093424797,-0.04490789771080017,-0.06821905821561813,0.017842814326286316
3fa26ac0,-0.02818727120757103,0.06450466066598892,0.05510580539703369,-0.20315968990325928,-0.060462724417448044,-0.15642279386520386
05671849,-0.0941505953669548,0.16399091482162476,0.15248286724090576,-0.255876749753952,-0.0620553232729435,-0.2213372439146042
89bdfe24,-0.07330920547246933,0.19616183638572693,0.2883055508136749,-0.45682045817375183,-0.1810155063867569,-0.10280755162239075
cc1c2bd2,-0.11147867143154144,-0.04393342509865761,0.007372999098151922,0.013413169421255589,-0.07810831069946289,-0.01197823416441679
cb06b587,0.570051372051239,0.30911824107170105,1.0962499380111694,-2.0755560398101807,0.016959618777036667,-1.5411127805709839
5d74d2a4,-1.592943549156189,0.6069413423538208,0.139060840010643,-0.4864789545536041,-0.642953634262085,-0.26157358288764954
f47da8f3,-0.13837406039237976,0.22586560249328613,0.369017630815506,-0.3159946799278259,0.057717036455869675,-0.22216835618019104
4085d9ae,0.02901095151901245,0.02094779722392559,0.05825656279921532,-0.1126227155327797,-0.03855995461344719,-0.08597394824028015
65f37f55,-0.3905830681324005,-0.14167559146881104,1.3462426662445068,-3.010021686553955,0.43320080637931824,-0.15844792127609253
beb4afd2,-1.182924747467041,0.893443763256073,0.16417895257472992,-0.5246604681015015,-0.3002007007598877,-0.5857847929000854
64fb3325,-0.024388877674937248,0.20692963898181915,0.19196701049804688,-0.3017270863056183,-0.013574567623436451,-0.149435892701149
476884f8,0.028801320120692253,-0.007798523176461458,-0.057683225721120834,0.034334782510995865,-0.015430493280291557,-0.06203736737370491
e8691eac,-0.0005079056136310101,0.08213049918413162,0.15124349296092987,-0.3625386357307434,-0.0863124281167984,-0.22636370360851288
981e78e5,-0.09331252425909042,0.08136628568172455,0.11416555941104889,-0.13965824246406555,0.02203173190355301,-0.10051897913217545
3fa4e838,-0.0761050432920456,-0.02464095875620842,0.20701299607753754,-0.29466813802719116,-0.007106424309313297,-0.023077605292201042
a4869716,-0.8559333086013794,0.4913668930530548,0.6063537001609802,-0.46627482771873474,-0.25284460186958313,-0.7703464031219482
2d869bee,-0.2159920036792755,0.2668001651763916,0.632482647895813,-1.2094992399215698,-0.08182363212108612,-0.2671208381652832
c732c8ab,-0.17330123484134674,0.2295457124710083,0.21068017184734344,-0.5557181239128113,-0.07682819664478302,-0.28971707820892334
685d1c4c,-2.0530717372894287,0.8627855777740479,-1.064613938331604,-0.37981417775154114,-2.588582754135132,-1.4777873754501343
de05bda4,-0.20620428025722504,0.2265399992465973,0.31568601727485657,-0.6128478050231934,-0.21745193004608154,-0.2433808594942093
0a365d8b,-0.18824629485607147,0.14018094539642334,0.6307368278503418,-0.7690699100494385,-0.46052008867263794,-0.026482537388801575
6bcecbce,-0.16642533242702484,0.3070974349975586,0.35921382904052734,-0.5367759466171265,-0.12496808916330338,-0.203043594956398
c73fb408,-1.1515618562698364,3.8984222412109375,1.8400092124938965,-3.560479164123535,0.7801748514175415,1.1129266023635864
abaea512,0.06048843637108803,0.09507711231708527,0.1341327577829361,-0.24828846752643585,0.011014232411980629,-0.13283070921897888
abff3952,-0.24139827489852905,0.19656231999397278,0.2903936207294464,-0.5707037448883057,-0.2081904411315918,-0.3356054723262787
5cabeb27,0.02779567614197731,0.08439785987138748,-0.05486728250980377,-0.0018394896760582924,0.04740814492106438,0.07243211567401886
